Source ; Target
cat ; dog
dog ; frog
frog ; rabbit
rabbit ; goat
goat ; pig
pig ; bear
bear ; tiger
tiger ; flamingo
flamingo ; lion
lion ; turtle
monkey ; parrot
parrot ; cow
cow ; cat
cat ; dog
dog ; dolphin
dolphin ; bird
bird ; scorpion
scorpion ; ant
ant ; spider
spider ; flamingo
flamingo ; lion
lion ; tiger
tiger ; chicken
frog ; dog
dog ; cow
cow ; pig
pig ; eagle
eagle ; cat
cat ; whale
whale ; shark
shark ; sheep
sheep ; lion
lion ; tiger
tiger ; elephant
elephant ; monkey
monkey ; fish
fish ; camel
camel ; horse
elephant ; lion
lion ; tiger
tiger ; crocodile
crocodile ; parrot
parrot ; bird
bird ; panther
panther ; cat
cat ; dog
dog ; snake
snake ; fox
mammal ; lion
lion ; tiger
tiger ; fish
fish ; elephant
elephant ; dolphin
dolphin ; shark
shark ; bull
bull ; cow
cow ; bee
bee ; sheep
sheep ; goat
goat ; leopard
dog ; crocodile
crocodile ; cat
cat ; leopard
leopard ; bride
bride ; butterfly
butterfly ; snake
dog ; cat
cat ; shark
shark ; hamster
hamster ; crocodile
crocodile ; giraffe
giraffe ; fish
fish ; catfish
catfish ; tiger
tiger ; lion
lion ; panther
panther ; rat
horse ; dog
dog ; cat
cat ; farm
farm ; lion
lion ; fish
fish ; shark
shark ; snail
snail ; nail
nail ; pig
pig ; rabbit
rabbit ; bird
horse ; dog
dog ; cat
cat ; elephant
elephant ; tiger
tiger ; lion
lion ; dolphin
dolphin ; fish
fish ; zebra
zebra ; gorilla
gorilla ; monkey
monkey ; shark
shark ; owl
owl ; bird
bird ; eagle
eagle ; butterfly
butterfly ; giraffe
giraffe ; snake
snake ; pig
dog ; cat
cat ; horse
horse ; lion
lion ; leopard
leopard ; monkey
monkey ; chimpanzee
chimpanzee ; hamster
hamster ; snake
snake ; turtle
turtle ; rat
rat ; rabbit
cow ; dog
dog ; cat
cat ; elephant
elephant ; rhino
rhino ; pig
pig ; hen
hen ; sheep
sheep ; cheken
cheken ; lamb
lamb ; rooster
rooster ; snake
dog ; cat
cat ; cow
cow ; pig
pig ; monkey
monkey ; gorilla
gorilla ; bird
cow ; snake
snake ; elephant
elephant ; goat
goat ; dog
dog ; cat
cat ; fish
fish ; whale
whale ; leopard
leopard ; lion
lion ; flock
lion ; tiger
tiger ; shark
shark ; cat
cat ; dog
dog ; whale
whale ; rabbit
dog ; cat
cat ; deer
deer ; pig
pig ; sheep
sheep ; fish
fish ; shark
shark ; monkey
monkey ; chicken
chicken ; giraffe
giraffe ; bird
dog ; cat
cat ; rabbit
rabbit ; horse
horse ; cow
cow ; cocdrile
cocdrile ; monkye
monkye ; fish
fish ; bird
dog ; cat
cat ; parrot
parrot ; snake
snake ; sheep
sheep ; cow
cow ; horse
horse ; fish
fish ; bird
bird ; giraffe
giraffe ; fly
fly ; hen
hen ; chicken
chicken ; pig
pig ; reptile
reptile ; shark
shark ; rabbit
cat ; dog
dog ; pig
pig ; rabbit
rabbit ; shark
shark ; cow
cow ; rat
rat ; rooster
rooster ; rooster
rooster ; ant
ant ; wasp
wasp ; beetle
beetle ; weevil
weevil ; butterfly
butterfly ; fly
dog ; cat
cat ; butterfly
butterfly ; bird
bird ; snail
snail ; elephant
elephant ; giraffe
cow ; dog
dog ; cat
cat ; fly
fly ; butterfly
butterfly ; mosquito
mosquito ; bee
bee ; sheep
sheep ; lion
lion ; horse
horse ; bug
bug ; fish
fish ; parrot
parrot ; ant
lion ; wolf
wolf ; fish
fish ; bird
bird ; snake
snake ; leopard
leopard ; zoo
zoo ; insect
lion ; ferret
ferret ; parrot
parrot ; dog
dog ; wolf
wolf ; horse
horse ; monkey
monkey ; octopus
octopus ; whale
whale ; hog
hog ; raven
raven ; pig
pig ; bear
bear ; flamingo
flamingo ; donkey
donkey ; zebra
zebra ; bird
bird ; fish
cat ; dog
dog ; pig
pig ; bird
bird ; lion
lion ; shark
shark ; tiger
tiger ; cow
cow ; fish
elephant ; rabbit
rabbit ; cat
cat ; dog
dog ; frog
frog ; horse
horse ; zebra
zebra ; horn
horn ; tail
tail ; fur
fur ; whisker
whisker ; cow
cow ; shhep
bee ; taiger
taiger ; fish
fish ; cow
cow ; bird
bird ; chicken
chicken ; dog
dog ; cat
cat ; elephant
elephant ; butterfly
dog ; rat
rat ; cat
cat ; lion
lion ; wolf
wolf ; rabbit
rabbit ; fish
fish ; bear
bear ; crab
crab ; turtle
turtle ; parrot
parrot ; eagle
eagle ; catfish
catfish ; chicken
chicken ; pig
pig ; cow
cat ; pig
pig ; horse
horse ; dog
dog ; monkey
monkey ; bee
bee ; shark
shark ; fish
fish ; bird
bird ; lizard
horse ; pig
pig ; dog
dog ; cat
cat ; puppy
puppy ; fish
fish ; mammal
mammal ; insect
insect ; butterfly
butterfly ; rabbit
rabbit ; tortoise
dog ; cat
cat ; butterfly
butterfly ; bee
bee ; sheep
sheep ; horse
cow ; milk
milk ; farm
farm ; lion
lion ; zebra
zebra ; chicken
lion ; tiger
tiger ; cat
cat ; dog
dog ; butterfly
butterfly ; sheep
sheep ; snake
snake ; fish
dog ; cat
cat ; paw
elephant ; lion
lion ; snake
snake ; shark
shark ; monky
monky ; gat
gat ; dog
dog ; mouse
hair ; fang
tiger ; elephant
elephant ; lion
lion ; crocrodile
crocrodile ; lizard
lizard ; eagle
eagle ; dog
dog ; cat
cat ; rat
rat ; hamster
hamster ; snake
snake ; bull
bull ; pi
lion ; cat
cat ; dog
dog ; rabbit
rabbit ; froug
froug ; mousen
mousen ; puppy
puppy ; kitten
kitten ; snake
fish ; dog
dog ; cat
cat ; wolf
wolf ; bird
bird ; rat
rat ; spider
spider ; eagle
dog ; fish
fish ; cat
cat ; pig
pig ; tiger
tiger ; frog
frog ; snake
tiger ; turtle
turtle ; lion
lion ; pig
pig ; bear
bear ; bird
bird ; car
car ; dog
dog ; eagle
eagle ; panda
panda ; shark
shark ; fish
fish ; frog
frog ; snake
snake ; fly
fly ; butterfly
butterfly ; scorpion
scorpion ; spider
spider ; zebra
zebra ; monkeygori
elephant ; lion
lion ; tiger
tiger ; penguin
penguin ; cat
cat ; dog
dog ; rabbit
rabbit ; chicken
chicken ; zebra
zebra ; giraffe
giraffe ; mouse
mouse ; bird
bird ; rhino
rhino ; hippo
hippo ; lemur
lion ; tiger
tiger ; dog
dog ; cat
cat ; fish
fish ; hamster
hamster ; monkey
monkey ; zebra
zebra ; sharck
butterfly ; ant
ant ; sheep
sheep ; cow
cow ; cat
cat ; dog
dog ; lion
lion ; tiger
tiger ; fish
fish ; bird
bird ; horse
horse ; pig
pig ; spider
puppy ; rabbit
rabbit ; cat
cat ; kitten
kitten ; hedgehog
hedgehog ; ferret
ferret ; frog
frog ; mouse
mouse ; dog
dog ; cat
cat ; eagle
eagle ; bird
bird ; bear
flamingo ; bird
bird ; guineapig
guineapig ; camouflage
camouflage ; predator
predator ; leopard
leopard ; fur
fur ; spot
spot ; cat
cat ; dog
dog ; snake
snake ; hamster
hamster ; pet
pet ; elephant
dog ; cat
cat ; fish
fish ; tortugle
tortugle ; lion
lion ; butterfly
butterfly ; bird
bird ; bear
bear ; wolf
wolf ; rabbit
dog ; tiger
tiger ; lion
lion ; crocodile
crocodile ; cat
cat ; goat
goat ; snake
snake ; cow
cow ; fish
fish ; rabbit
dog ; cat
cat ; frog
frog ; fish
fish ; cow
cow ; snake
snake ; rabbit
rabbit ; horse
horse ; hamster
hamster ; lion
tiger ; elephant
elephant ; lion
lion ; zebra
zebra ; cat
cat ; dog
dog ; bird
bird ; giraffe
giraffe ; rabbit
rabbit ; mouse
mouse ; frog
dog ; cat
cat ; cow
cow ; bird
bird ; monkey
monkey ; pig
pig ; chicken
paw ; whisker
whisker ; dog
dog ; cat
cat ; elephant
elephant ; lion
lion ; snake
snake ; zebra
zebra ; chicken
chicken ; cow
cow ; bull
bull ; dolphin
dolphin ; tiger
tiger ; hedgehog
hedgehog ; pig
dog ; cat
cat ; lion
lion ; giraffe
giraffe ; elephant
elephant ; snake
snake ; shark
shark ; whale
whale ; fish
fish ; bat
bat ; crocodile
crocodile ; rabbit
rabbit ; bird
dog ; cat
cat ; cheetah
cheetah ; kangaroo
kangaroo ; frog
frog ; ant
ant ; fly
fly ; articbear
articbear ; brownbear
brownbear ; lion
lion ; tiger
tiger ; fox
fox ; lizard
lizard ; donkey
donkey ; monkey
monkey ; horse
horse ; gorilla
gorilla ; wolf
goat ; dog
dog ; cat
cat ; bee
bee ; rat
rat ; pig
pig ; shark
shark ; whale
whale ; wolf
cat ; dog
dog ; frog
frog ; kangaroo
kangaroo ; giraffe
giraffe ; bear
bear ; ant
ant ; brownbear
brownbear ; tiger
tiger ; fox
fox ; lion
lion ; donkey
donkey ; monkey
monkey ; horse
dog ; cat
cat ; rhino
rhino ; lion
lion ; tiger
tiger ; paw
paw ; feather
feather ; fur
fur ; claw
claw ; hedgehog
hedgehog ; mouse
mouse ; rat
rat ; koala
dog ; cat
cat ; squid
squid ; lion
lion ; tiger
tiger ; leopard
leopard ; reindeer
reindeer ; elephant
elephant ; kangaroo
kangaroo ; squirrel
squirrel ; mouse
mouse ; rat
rat ; lizard
lizard ; frog
frog ; bird
bird ; parrot
parrot ; eagle
bird ; zebra
panda ; zebra
zebra ; bee
bee ; bear
bear ; monkey
monkey ; horse
horse ; bull
bull ; dog
dog ; cat
cat ; cow
cow ; dolphin
dolphin ; seadog
seadog ; bat
bat ; tiger
tiger ; lion
lion ; crocodile
crocodile ; goat
goat ; elephant
elephant ; giraffe
cat ; dog
dog ; parrot
parrot ; rabbit
rabbit ; mouse
mouse ; bear
bear ; monkey
monkey ; bee
bee ; butterfly
butterfly ; fly
dog ; cat
cat ; cow
cow ; goat
goat ; tiger
tiger ; whale
whale ; snake
snake ; shark
shark ; elephant
elephant ; sheep
sheep ; pig
pig ; duck
duck ; eagle
eagle ; fly
fly ; bee
cat ; dog
dog ; rabbit
rabbit ; fish
fish ; frog
frog ; bunny
bunny ; bird
bird ; pet
pet ; whale
whale ; shark
cat ; dog
dog ; lion
lion ; tiger
tiger ; shark
shark ; elephant
elephant ; bird
bird ; pig
pig ; sheep
sheep ; parrot
parrot ; rabbit
rabbit ; fox
fox ; horse
horse ; goat
goat ; whale
whale ; dolphin
dolphin ; fish
fish ; chicken
chicken ; giraffe
tiger ; dog
dog ; cat
elephant ; cheetah
cheetah ; dog
dog ; cat
cat ; fish
fish ; turtle
turtle ; penguin
penguin ; bat
bat ; butterfly
butterfly ; ant
ant ; crocodile
crocodile ; snake
snake ; spider
spider ; fly
dog ; cat
cat ; bird
bird ; bear
bear ; jaw
jaw ; horse
elephant ; cat
cat ; dog
dog ; snake
snake ; whale
whale ; shark
shark ; fish
fish ; lion
lion ; tiger
tiger ; horse
horse ; puma
puma ; cheetah
cheetah ; eagle
eagle ; bird
bird ; fly
fly ; mosquito
parrot ; lion
lion ; dog
dog ; cat
cat ; chameleon
chameleon ; dolphin
dolphin ; bug
bug ; bee
bee ; fish
fish ; shark
shark ; snake
snake ; lizard
lizard ; bird
bird ; pelican
pelican ; bear
bear ; deer
deer ; monkey
monkey ; bull
bull ; crocodile
dog ; cat
cat ; koala
koala ; rabbit
rabbit ; fox
fox ; butterfly
butterfly ; pig
pig ; horse
horse ; cow
cow ; bear
bear ; bird
bird ; chicken
rabbit ; butterfly
butterfly ; dog
dog ; cat
cat ; pig
pig ; fox
fox ; hamster
hamster ; bird
bird ; bug
bug ; guepard
guepard ; snake
snake ; fish
monkey ; dog
dog ; cat
cat ; fish
fish ; cow
cow ; dolphin
dolphin ; goat
goat ; lion
lion ; zebra
zebra ; pulp
pulp ; sheep
sheep ; pig
pig ; lizard
lizard ; frog
frog ; bee
bee ; ant
ant ; mosquito
mosquito ; crocodile
crocodile ; elephant
elephant ; bird
bird ; rabbit
rabbit ; hamster
hamster ; chicken
chicken ; butterfly
pig ; bird
bird ; chicken
chicken ; ladybug
ladybug ; duck
duck ; pidgeon
pidgeon ; dog
dog ; cat
cat ; rabbit
rabbit ; snake
snake ; lizard
lizard ; crocodile
crocodile ; frog
frog ; hamster
hamster ; fly
fly ; spider
spider ; butterfly
dog ; cat
cat ; duck
duck ; salamander
salamander ; butterfly
butterfly ; bee
bee ; giraffe
giraffe ; elephant
elephant ; zebra
zebra ; lion
lion ; tiger
tiger ; monkey
monkey ; gorilla
gorilla ; frog
cat ; dog
elephant ; tiger
tiger ; lion
lion ; dolphin
dolphin ; monkey
monkey ; mouse
mouse ; bee
bee ; cat
cat ; dog
dog ; fish
fish ; shark
shark ; bird
bird ; lizard
lizard ; crocodile
crocodile ; bear
bear ; pelican
pelican ; eagle
eagle ; bull
cheetah ; lion
lion ; tiger
tiger ; panther
panther ; squid
squid ; octopus
octopus ; fish
fish ; human
human ; toucan
toucan ; bird
bird ; kangaroo
kangaroo ; elephant
elephant ; hippo
hippo ; rat
rat ; mouse
mouse ; alligator
alligator ; lizard
lizard ; sheep
sheep ; cow
frog ; butterfly
butterfly ; worm
worm ; bird
bird ; crocodile
crocodile ; fish
fish ; cat
cat ; dog
dog ; chicken
dog ; cat
cat ; elephant
elephant ; pet
pet ; turtle
turtle ; bird
bird ; zebra
zebra ; panther
panther ; lion
lion ; tiger
tiger ; butterfly
butterfly ; rat
rat ; snake
snake ; bull
dog ; pig
pig ; sheep
sheep ; rabbit
rabbit ; parrot
parrot ; horse
horse ; cow
cow ; goat
goat ; chicken
chicken ; fish
fish ; shark
cat ; dog
dog ; horse
horse ; sheep
sheep ; camel
camel ; rabbit
rabbit ; bunny
bunny ; kitten
kitten ; chicken
chicken ; chick
chick ; dolphin
dolphin ; fish
fish ; cow
cow ; bird
bird ; lizard
lizard ; parrot
cat ; dog
dog ; bird
bird ; mammal
mammal ; pig
pig ; zebra
zebra ; fish
fish ; lynx
lynx ; wolf
wolf ; lion
ant ; dog
dog ; spider
spider ; snake
snake ; dog
dog ; cat
cat ; butterfly
butterfly ; elephant
elephant ; giraffe
giraffe ; mouse
mouse ; tiger
dog ; cat
cat ; horse
horse ; crocodile
crocodile ; monkey
monkey ; bird
bird ; zebra
zebra ; eagle
eagle ; tiger
tiger ; lion
lion ; spider
spider ; ant
ant ; wasp
wasp ; chicken
chicken ; sheep
sheep ; cow
cow ; mouse
dog ; cat
cat ; butterfly
butterfly ; horse
horse ; frog
frog ; mouse
mouse ; spider
elephant ; dog
dog ; cat
cat ; horse
horse ; giraffe
giraffe ; rabbit
rabbit ; fish
fish ; lion
lion ; mouse
mouse ; cow
cow ; pig
bug ; lion
lion ; bird
bird ; cat
cat ; dog
dog ; tiger
tiger ; zoo
zoo ; spider
spider ; bear
bear ; fox
fox ; butterfly
butterfly ; fly
dog ; puppy
puppy ; cat
cat ; kitten
kitten ; elephant
elephant ; cow
cow ; horse
horse ; pig
pig ; crocodile
crocodile ; turtle
turtle ; tortoise
tortoise ; bunny
bunny ; lion
lion ; giraffe
giraffe ; tiger
dog ; cat
cat ; snake
snake ; rabbit
rabbit ; lion
lion ; elephant
elephant ; horse
horse ; bird
bird ; butterfly
butterfly ; lizard
lizard ; octopus
dog ; cat
cat ; cow
cow ; parrot
bird ; lion
lion ; tiger
tiger ; jungle
jungle ; insect
insect ; sky
sky ; dolphin
dolphin ; fish
fish ; shark
shark ; human
human ; monkey
tiger ; lion
lion ; cat
cat ; rhino
rhino ; dog
dog ; bird
bird ; crow
crow ; spider
spider ; lizard
lizard ; ant
ant ; bear
bear ; giraffe
giraffe ; panther
panther ; swan
swan ; horse
horse ; rat
rat ; mouse
mouse ; elephant
giraffe ; hippo
hippo ; zebra
zebra ; sheep
sheep ; dog
dog ; cat
cat ; cheetah
cheetah ; feed
feed ; ecosystem
ecosystem ; fish
fish ; whale
whale ; dolphin
dolphin ; crab
crab ; eagle
eagle ; bird
bird ; bear
bear ; polarbear
polarbear ; wolf
dog ; cat
cat ; dolphin
dolphin ; lion
lion ; pig
pig ; cow
fly ; bird
bird ; dog
dog ; cat
cat ; fox
fox ; whale
whale ; frog
frog ; feather
feather ; butterfly
butterfly ; insect
insect ; mosquito
mosquito ; bite
bite ; spider
spider ; nature
dog ; cat
cat ; tiger
tiger ; fox
fox ; mouse
mouse ; bird
bird ; butterfly
butterfly ; bear
bear ; snake
snake ; crocodile
crocodile ; elephant
dog ; cat
cat ; horse
horse ; lion
lion ; zebra
zebra ; giraffe
giraffe ; rabbit
rabbit ; rat
rat ; fish
fish ; shark
shark ; pig
guepard ; lion
lion ; step
step ; hair
hair ; tail
tail ; bird
bird ; fly
fly ; mammal
mammal ; egg
egg ; life
dog ; cat
cat ; bee
bee ; ant
ant ; butterfly
butterfly ; spider
spider ; monkey
monkey ; shark
shark ; fish
dog ; cat
cat ; lion
lion ; bird
bird ; elephant
elephant ; monkey
cat ; dog
dog ; zebra
zebra ; monkey
monkey ; bird
bird ; whale
whale ; shark
shark ; fish
fish ; shrimp
shrimp ; tiger
tiger ; snake
snake ; lion
lion ; octopus
octopus ; rat
rat ; rabbit
elephant ; fish
fish ; lion
snake ; carterpillar
carterpillar ; monkey
monkey ; butterfly
butterfly ; gorilla
gorilla ; fly
fly ; bee
bee ; bird
elephant ; rabbit
rabbit ; dog
dog ; cat
cat ; horse
horse ; fish
fish ; mouse
mouse ; lion
pig ; cow
cow ; dog
dog ; cat
cat ; monkey
monkey ; horse
horse ; bird
dog ; cat
cat ; rabbit
rabbit ; snake
snake ; elephant
elephant ; octopus
octopus ; puppy
lion ; tiger
tiger ; elephant
elephant ; cat
cat ; pet
pet ; dog
dog ; fish
fish ; monkey
monkey ; ant
ant ; spider
dog ; cat
cat ; snake
zoo ; vet
vet ; farm
farm ; stock
stock ; bird
dog ; cat
cat ; elephant
elephant ; crocodile
crocodile ; pig
pig ; bunny
bunny ; tiger
tiger ; lion
lion ; tortoise
tortoise ; horse
cat ; lion
lion ; butterfly
butterfly ; dog
dog ; turtle
turtle ; dolphin
dolphin ; whale
dog ; cat
cat ; mouse
mouse ; horse
horse ; pig
pig ; bird
bird ; shark
shark ; whale
whale ; dolphin
cat ; dog
dog ; bird
bird ; elephant
elephant ; horse
horse ; giraffe
giraffe ; lion
lion ; rabbit
rabbit ; snake
snake ; dolphin
zebra ; monkey
monkey ; elephant
elephant ; lion
lion ; tiger
tiger ; snake
snake ; fish
fish ; bird
bird ; octopus
octopus ; dog
dog ; cat
cat ; dolphin
dolphin ; crocodile
crocodile ; frog
dog ; cat
cat ; bear
bear ; spider
spider ; lion
lion ; butterfly
butterfly ; ant
dog ; cat
cat ; rabbit
rabbit ; elephant
elephant ; lion
lion ; giraffe
giraffe ; mouse
mouse ; cow
cow ; pig
pig ; horse
horse ; monkey
monkey ; snake
dog ; cat
cat ; tiger
tiger ; rabbit
rabbit ; snake
snake ; horse
horse ; chicken
chicken ; shark
tiger ; monkey
monkey ; lizard
lizard ; lion
lion ; eagle
eagle ; bird
bird ; penguin 
penguin  ; bear
bear ; shark
shark ; dolphin
dolphin ; cow
pig ; spider
spider ; dog
dog ; cat
cat ; tiger
tiger ; lion
elephant ; bird
bird ; cat
cat ; dog
dog ; zoo
zoo ; rabbit
dog ; cat
cat ; lion
lion ; turtle
turtle ; cheetah
cheetah ; squirrel
squirrel ; mosquito
mosquito ; rat
rat ; cow
cow ; horse
horse ; snake
horse ; dog
dog ; rabbit
rabbit ; cat
cat ; dolphin
dolphin ; shark
shark ; squirrel
squirrel ; bird
bird ; eagle
eagle ; fish
fish ; whale
whale ; hamster
hamster ; crocodile
crocodile ; mouse
mouse ; duck
duck ; elephant
mammal ; water
water ; jungle
jungle ; sea
sea ; fish
fish ; sh
wasp ; cow
cow ; crocodile
crocodile ; goat
goat ; dog
dog ; cat
cat ; chicken
chicken ; bird
bird ; bear
bear ; dolphin
dolphin ; fish
fish ; hamster
hamster ; fox
fox ; wildanimal
wildanimal ; kangaroo
kangaroo ; zebra
zebra ; horse
horse ; ant
tiger ; lion
lion ; dog
dog ; cat
cat ; crocodile
crocodile ; butterfly
butterfly ; fly
fly ; spider
spider ; lizard
lizard ; bug
bug ; gorilla
gorilla ; pig
pig ; cow
cow ; sheep
sheep ; guineapig
guineapig ; kangaroo
lion ; parrot
parrot ; tiger
tiger ; dolphin
dolphin ; panda
panda ; dog
dog ; cat
cat ; snake
snake ; bird
bird ; monkey
monkey ; rabbit
snack ; dolphin
dolphin ; giraffe
dog ; lion
lion ; tiger
tiger ; horse
horse ; giraffe
giraffe ; cow
dog ; fish
fish ; cat
cat ; lion
lion ; monkey
monkey ; bee
bee ; crocodile
crocodile ; shark
shark ; parrot
tiger ; giraffe
giraffe ; penguin
penguin ; elephant
elephant ; lion
lion ; snake
snake ; dolphin
dolphin ; dog
dog ; cat
cat ; rabbit
rabbit ; whale
caw ; mammal
mammal ; horse
horse ; snake
snake ; dog
dog ; cat
cat ; fish
fish ; crocodile
elephant ; giraffe
giraffe ; lion
lion ; wolf
wolf ; dog
duck ; dog
dog ; wolf
wolf ; cat
cat ; lion
lion ; monkey
monkey ; tiger
lion ; elephant
elephant ; monkey
monkey ; rabbit
rabbit ; dog
dog ; cat
cat ; snake
snake ; parrot
parrot ; horse
cow ; pig
pig ; sheep
sheep ; horse
horse ; chicken
chicken ; dog
dog ; cat
cat ; fish
fish ; bear
bear ; rabbit
rabbit ; turtle
turtle ; dolphin
dog ; cat
cat ; snake
snake ; frog
frog ; rabbit
dog ; cat
cat ; elephant
elephant ; frog
frog ; rabbit
rabbit ; snake
snake ; fish
pig ; monkey
monkey ; rat
rat ; frog
frog ; duck
butterfly ; donkey
donkey ; chicken
chicken ; sheep
sheep ; monkey
monkey ; cow
cow ; bull
bull ; zebra
zebra ; shark
shark ; dolphin
dolphin ; dog
dog ; cat
cat ; sheep
sheep ; elephant
elephant ; pony
dog ; cat
cat ; horse
horse ; butterfly
butterfly ; hummingbird
hummingbird ; fish
fish ; rabbit
rabbit ; lion
lion ; bird
bird ; snake
dog ; lion
lion ; cat
cat ; mouse
mouse ; monkey
monkey ; snake
snake ; bear
bear ; panda
panda ; fish
fish ; shark
shark ; trex
cat ; dog
dog ; monkey
monkey ; crocodile
crocodile ; bunny
bunny ; spider
spider ; bug
bug ; horse
horse ; cow
lion ; tiger
tiger ; cat
cat ; dog
dog ; frog
frog ; turtle
turtle ; giraffe
giraffe ; snake
snake ; snake
snake ; monkey
monkey ; chicken
chicken ; mouse
mouse ; rat
rat ; cow
cow ; sheep
sheep ; donkey
donkey ; bull
bull ; butterfly
elephant ; lion
lion ; cat
cat ; dog
dog ; pig
pig ; bee
bee ; cow
cow ; horse
horse ; dog
dog ; rabbit
rabbit ; monkey
monkey ; bird
bird ; fish
fish ; panda
panda ; grizzli
snake ; wolf
wolf ; cow
cow ; cat
cat ; dog
dog ; eagle
eagle ; lion
lion ; tiger
tiger ; elephant
elephant ; monkey
monkey ; sheep
sheep ; bee
dog ; cat
cat ; fish
fish ; sheep
sheep ; horse
horse ; snake
snake ; lion
lion ; cheetah
cheetah ; dolphin
dolphin ; shark
shark ; bird
bird ; spider
spider ; crocodile
crocodile ; monkey
cat ; dog
dog ; horse
horse ; cow
cow ; giraffe
giraffe ; spider
spider ; bee
bee ; sheep
sheep ; snake
snake ; crocodile
crocodile ; koala
koala ; elephant
elephant ; monkey
monkey ; pig
dog ; cat
cat ; lion
lion ; tiger
tiger ; horse
horse ; bull
bull ; giraffe
giraffe ; mouse
mouse ; cheetah
cheetah ; zebra
zebra ; panda
panda ; bird
bird ; snake
snake ; shark
shark ; fish
fish ; bear
dog ; cat
cat ; horse
horse ; bug
snake ; dog
dog ; cat
cat ; elephant
elephant ; fish
fish ; bird
bird ; eagle
eagle ; raven
raven ; leopard
leopard ; chicken
chicken ; mouse
mouse ; monkey
monkey ; lion
lion ; bear
bear ; horse
cat ; dog
dog ; lion
lion ; shark
shark ; rat
rat ; fish
fish ; octopus
octopus ; giraffe
giraffe ; turtle
turtle ; bear
bear ; elephant
elephant ; monkey
dog ; cat
cat ; horse
horse ; kitten
kitten ; puppy
puppy ; giraffe
giraffe ; bear
bear ; bat
bat ; zebra
zebra ; panda
panda ; shark
shark ; fish
fish ; clownfish
clownfish ; cow
cow ; rabbit
rabbit ; snake
snake ; lion
lion ; insect
insect ; spider
panda ; snake
snake ; dog
dog ; cat
cat ; horse
horse ; cow
cow ; sheep
sheep ; lion
lion ; tiger
tiger ; bird
bird ; monkey
dog ; cat
cat ; snake
snake ; elephant
elephant ; tiger
tiger ; cow
cow ; wolf
wolf ; lion
lion ; eagle
eagle ; giraffe
giraffe ; bird
bird ; scorpion
scorpion ; gorilla
gorilla ; duck
duck ; monkey
monkey ; fish
horse ; dolphin
dolphin ; fish
fish ; crocodile
crocodile ; chicken
chicken ; mouse
mouse ; dog
dog ; cat
cat ; koala
koala ; bird
bird ; eagle
cow ; sheep
sheep ; bunny
bunny ; giraffe
giraffe ; cat
cat ; dog
dog ; turtle
turtle ; fish
fish ; tiger
tiger ; shark
shark ; lion
lion ; hamster
hamster ; rat
rat ; snake
snake ; cockroach
cockroach ; rollyp
lion ; horse
horse ; dog
dog ; cat
cat ; zebra
zebra ; snake
amphibian ; tiger
tiger ; monkey
monkey ; parrot
parrot ; bird
bird ; cat
cat ; dog
dog ; goldfish
goldfish ; panther
panther ; lion
lion ; hamster
hamster ; mouse
mouse ; rat
cow ; horse
horse ; dog
dog ; cat
cat ; fish
fish ; frog
frog ; bird
bird ; crocodile
crocodile ; giraffe
giraffe ; spider
spider ; hippo
zoo ; dog
dog ; cat
cat ; elephant
elephant ; fish
fish ; otter
otter ; fox
fox ; lizard
lizard ; frog
frog ; spider
spider ; ant
ant ; hamster
hamster ; mouse
mouse ; rat
cat ; snake
snake ; cow
cow ; dog
dog ; horse
horse ; chicken
dog ; cat
cat ; water
water ; eat
eat ; giraffe
giraffe ; bird
bird ; butterfly
butterfly ; elephant
elephant ; zebra
cat ; rabbit
zebra ; lion
lion ; carrot
shark ; snake
snake ; rabbit
rabbit ; frog
frog ; crocodile
crocodile ; horse
horse ; bat
bat ; dog
dog ; cat
cat ; giraffe
ant ; cow
cow ; chicken
chicken ; lion
lion ; spider
spider ; horse
horse ; snake
cat ; dog
dog ; monkey
monkey ; horse
horse ; giraffe
giraffe ; zebra
zebra ; lion
lion ; carterpillar
carterpillar ; butterfly
butterfly ; ladybug
ladybug ; fly
fly ; pig
pig ; cow
cow ; sheep
sheep ; goat
goat ; rooster
rooster ; puppy
puppy ; tiger
dog ; snake
snake ; cat
cat ; horse
horse ; crocodile
crocodile ; zebra
zebra ; bat
bat ; elephant
elephant ; frog
wildlife ; giraffe
giraffe ; lion
lion ; bird
bird ; pig
pig ; cow
cow ; butterfly
butterfly ; bee
bee ; sheep
sheep ; ladybug
ladybug ; cat
cat ; dog
dog ; fish
dog ; cat
cat ; elephant
elephant ; chameleon
chameleon ; tiger
tiger ; lion
lion ; fish
fish ; pig
pig ; bear
bear ; koala
fox ; pig
pig ; turtle
turtle ; jellyfish
jellyfish ; fish
fish ; crocodile
crocodile ; dog
dog ; cat
cat ; hamster
hamster ; monkey
monkey ; ladybug
ladybug ; dinosaur
dinosaur ; zebra
zebra ; rabbit
rabbit ; wolf
wolf ; giraffe
bear ; elephant
elephant ; snake
snake ; cat
cat ; dog
dog ; snail
snail ; egg
egg ; poop
poop ; giraffe
giraffe ; tail
tail ; bird
bird ; whale
whale ; panther
panther ; lion
lion ; savannah
savannah ; bear
bear ; fish
bird ; cat
cat ; dog
dog ; rabbit
rabbit ; dolphin
dolphin ; chicken
chicken ; turtle
turtle ; caw
caw ; horse
horse ; parrot
parrot ; lion
lion ; snake
parrot ; fish
fish ; rabbit
rabbit ; snake
snake ; lion
lion ; tiger
tiger ; elephant
elephant ; bear
bear ; shark
shark ; cat
cat ; dog
dog ; giraffe
dog ; cat
cat ; pig
pig ; lion
lion ; parrot
parrot ; fish
fish ; fox
fox ; zebra
zebra ; giraffe
giraffe ; turtle
turtle ; shark
dog ; cat
cat ; elephant
elephant ; lion
lion ; tiger
tiger ; bird
bird ; dinosaur
dinosaur ; bear
dog ; cat
cat ; pig
pig ; bear
bear ; snake
snake ; shark
shark ; fish
fish ; parrot
parrot ; elephant
elephant ; rabbit
rabbit ; tiger
tiger ; lion
dog ; cat
cat ; tiger
tiger ; lion
lion ; elephant
elephant ; rabbit
rabbit ; fish
fish ; pig
pig ; bear
bear ; koala
koala ; panda
panda ; dinosaur
dinosaur ; snake
cat ; dog
dog ; elephant
elephant ; snake
snake ; snake
snake ; orangutan
orangutan ; monkey
monkey ; butterfly
butterfly ; fish
fish ; giraffe
giraffe ; bird
bird ; bear
bear ; rabbit
rabbit ; chicken
dog ; cat
cat ; ant
ant ; rabbit
rabbit ; crocodile
crocodile ; giraffe
giraffe ; snake
snake ; chicken
chicken ; turkey
turkey ; bisont
bird ; horse
horse ; zebra
zebra ; butterfly
butterfly ; ant
ant ; lion
lion ; giraffe
giraffe ; dog
dog ; cat
cat ; hamster
hamster ; elephant
elephant ; octopus
octopus ; fish
fish ; shark
shark ; dolphin
dolphin ; snail
elephant ; giraffe
giraffe ; jaguar
jaguar ; monkey
monkey ; cat
cat ; dog
dog ; horse
horse ; crocodile
crocodile ; snake
snake ; bird
pig ; dog
dog ; cat
cat ; bear
bear ; lion
lion ; elephant
elephant ; fish
fish ; panda
panda ; rabbit
wild ; pet
pet ; vet
vet ; ocean
ocean ; insect
insect ; bird
snake ; fish
fish ; dog
dog ; cat
cat ; monkey
monkey ; horse
horse ; elephant
elephant ; tiger
tiger ; bear
bear ; lion
lion ; ant
ant ; butterfly
butterfly ; bird
dog ; cat
cat ; mouse
mouse ; zebra
zebra ; giraffe
giraffe ; fish
fish ; bird
bird ; pig
pig ; horse
horse ; train
train ; collar
collar ; domestication
domestication ; wolf
wolf ; predator
predator ; extinct
extinct ; wildlife
wildlife ; poison
poison ; farm
zoo ; zebra
zebra ; crocodile
crocodile ; elephant
elephant ; dog
dog ; cat
cat ; rabbit
rabbit ; fish
fish ; lion
lion ; jaguar
jaguar ; giraffe
giraffe ; monkey
monkey ; snake
zoo ; elephant
elephant ; dolphin
dolphin ; fish
fish ; tiger
tiger ; lion
lion ; cat
cat ; dog
dog ; hamster
hamster ; turtle
turtle ; snake
snake ; rat
rat ; mouse
mouse ; butterfly
cat ; racoon
racoon ; bat
bat ; dog
dog ; pet
pet ; elephant
elephant ; australia
australia ; spider
spider ; worm
worm ; rat
rat ; hamster
hamster ; habitat
habitat ; crow
crow ; snail
snail ; squirrel
squirrel ; horse
horse ; bug
racoon ; dog
dog ; cat
cat ; pet
pet ; wolf
wolf ; frog
frog ; bear
bear ; penguin
penguin ; bunny
bunny ; parrot
parrot ; koala
lion ; panther
panther ; crocodile
crocodile ; shark
shark ; monkey
monkey ; rabbit
rabbit ; cat
cat ; dog
dog ; tiger
tiger ; giraffe
giraffe ; snake
snake ; penguin
penguin ; dolphin
dolphin ; mouse
mouse ; seal
seal ; whale
turtle ; pidgeon
pidgeon ; rat
rat ; ant
ant ; dog
dog ; fish
fish ; jellyfish
jellyfish ; dolphin
dolphin ; giraffe
giraffe ; cat
cat ; mouse
mouse ; rhino
rhino ; monkey
monkey ; chimpanzee
chimpanzee ; seal
seal ; orangutan
orangutan ; lion
lion ; tiger
tiger ; shark
shark ; whale
whale ; butterfly
butterfly ; bee
bee ; placton
placton ; seastar
seastar ; ladybug
ladybug ; dragonfly
dragonfly ; duck
duck ; frog
frog ; platypus
lion ; tiger
tiger ; giraffe
giraffe ; elephant
elephant ; koala
koala ; dog
dog ; cat
cat ; parrot
parrot ; leopard
leopard ; rhino
rhino ; monkey
snake ; horse
horse ; dog
dog ; cat
cat ; bird
bird ; toucan
toucan ; deer
deer ; racoon
racoon ; bull
bull ; crocodile
crocodile ; axoloti
axoloti ; corgi
corgi ; husky
elephant ; dog
dog ; cat
cat ; bird
bird ; fish
fish ; giraffe
giraffe ; goat
goat ; hamster
hamster ; lizard
lizard ; ladybug
ladybug ; shark
shark ; jellyfish
dog ; cat
cat ; leopard
leopard ; giraffe
giraffe ; fish
fish ; lion
lion ; tiger
tiger ; shark
shark ; whiteshark
whiteshark ; whale
whale ; barracuda
barracuda ; ant
ant ; human
human ; worm
worm ; bird
bird ; owl
owl ; bear
bear ; monkey
monkey ; baboon
baboon ; snake
snake ; crocodile
crocodile ; alligator
alligator ; elephant
elephant ; seal
seal ; penguin
cat ; dog
dog ; food
food ; elephant
elephant ; freetime
freetime ; ant
ant ; butterfly
butterfly ; dragonfly
dragonfly ; sky
sky ; bird
bird ; giraffe
giraffe ; human
human ; bee
bee ; ladybug
ladybug ; pet
cat ; dog
dog ; turtle
turtle ; guineapig
guineapig ; parrot
parrot ; bird
bird ; wolf
wolf ; lion
lion ; tiger
tiger ; fish
fish ; shark
shark ; capybara
dog ; cat
cat ; bird
bird ; fish
fish ; rabbit
rabbit ; squirrel
squirrel ; deer
deer ; racoon
racoon ; flamingo
flamingo ; iguana
iguana ; lizard
lizard ; crocodile
crocodile ; snake
snake ; turtle
turtle ; lion
lion ; tiger
tiger ; jaguar
jaguar ; cheetah
cheetah ; hound
hound ; hyena
hyena ; gazelle
gazelle ; bluejay
bluejay ; weasel
weasel ; monkey
monkey ; chimpanzee
chimpanzee ; elephant
elephant ; hippo
hippo ; seal
seal ; manatee
manatee ; platy
lion ; fish
fish ; guepard
guepard ; giraffe
giraffe ; mouse
mouse ; scorpion
scorpion ; dinosaur
dog ; cat
cat ; caw
caw ; rabbit
rabbit ; horse
horse ; snake
snake ; wolf
wolf ; forest
dog ; cat
elephant ; dolphin
dolphin ; dog
dog ; cat
cat ; giraffe
giraffe ; crocodile
cat ; dog
dog ; fish
fish ; bird
bird ; elephant
elephant ; giraffe
cat ; dog
dog ; mouse
mouse ; snake
snake ; monkey
monkey ; crocodile
crocodile ; zebra
zebra ; bird
bird ; gorilla
dog ; dolphin
dolphin ; cat
cat ; horse
horse ; pig
pig ; hamster
dog ; cat
cat ; mouse
mouse ; lion
lion ; hour
dog ; cat
cat ; zebra
zebra ; giraffe
giraffe ; lion
lion ; seal
seal ; bird
bird ; fish
fish ; reptile
reptile ; snail
snail ; snake
snake ; parrot
parrot ; turtle
tiger ; bird
bird ; elephant
elephant ; dog
dog ; cat
cat ; snake
dog ; cat
cat ; horse
horse ; fish
chicken ; cat
dog ; cat
cat ; elephant
elephant ; bird
dog ; cat
cat ; parrot
parrot ; fish
fish ; lion
lion ; tiger
tiger ; bird
bird ; snake
snake ; gorm
gorm ; crow
dog ; cat
cat ; fish
rat ; dog
dog ; leash
leash ; food
food ; giraffe
giraffe ; cat
cat ; walk
walk ; hamster
hamster ; ant
ant ; elephant
elephant ; lion
lion ; puma
puma ; takingcareof
takingcareof ; parrot
parrot ; snail
snail ; butterfly
butterfly ; camel
camel ; tiger
tiger ; fish
fish ; crab
crab ; water
dog ; cat
cat ; elephant
elephant ; bird
bird ; crocodile
crocodile ; dolphin
dolphin ; fish
fish ; giraffe
dog ; cat
cat ; horse
horse ; shark
shark ; monkey
monkey ; donkey
donkey ; tiger
tiger ; lion
lion ; pet
pet ; fish
fish ; dolphin
dolphin ; whale
whale ; rabbit
rabbit ; hamster
hamster ; eagle
eagle ; snake
snake ; raven
raven ; feather
feather ; elephant
elephant ; zebra
zebra ; crocodile
crocodile ; panther
giraffe ; lion
lion ; elephant
elephant ; crocodile
crocodile ; alligator
alligator ; ant
ant ; fly
fly ; mosquito
mosquito ; butterfly
butterfly ; tiger
tiger ; dog
dog ; cat
cat ; bird
bird ; wisp
wisp ; bee
bee ; insect
insect ; panther
panther ; gorilla
gorilla ; monkey
monkey ; snake
habitat ; rabbit
rabbit ; dog
dog ; cat
cat ; monkey
monkey ; hamster
hamster ; mouse
mouse ; snake
snake ; domesticanimal
domesticanimal ; wildanimal
wildanimal ; bird
elephant ; zebra
zebra ; tiger
tiger ; snail
snail ; crocodile
crocodile ; panther
panther ; lion
lion ; turtle
turtle ; snake
snake ; shark
shark ; eagle
eagle ; bird
bird ; bear
dog ; cat
cat ; rhino
rhino ; crocodile
crocodile ; monkey
monkey ; snake
snake ; fish
fish ; shark
shark ; whale
whale ; dolphin
dolphin ; elephant
elephant ; horse
horse ; pig
pig ; bird
bird ; eagle
eagle ; zebra
zebra ; lion
lion ; tiger
tiger ; gorilla
gorilla ; chimpanzee
elephant ; tiger
tiger ; fly
fly ; lion
lion ; rabbit
rabbit ; cat
cat ; dog
dog ; frog
frog ; giraffe
giraffe ; hippo
hippo ; fish
fish ; butterfly
butterfly ; snake
snake ; spider
spider ; ant
ant ; dragonfly
dragonfly ; tarantula
tarantula ; bear
bear ; cow
giraffe ; hippo
hippo ; dog
dog ; cat
cat ; snake
snake ; crocodile
crocodile ; whale
whale ; rhino
rhino ; monkey
monkey ; bear
bear ; rat
rat ; fox
cat ; fish
fish ; dog
dog ; zebra
zebra ; horse
horse ; wolf
wolf ; parrot
parrot ; bird
bird ; dolphin
dolphin ; crocodile
crocodile ; hamster
hamster ; rat
rat ; bunny
bunny ; snail
snail ; snake
snake ; lizard
lizard ; lion
lion ; hippo
hippo ; giraffe
giraffe ; elephant
elephant ; monkey
monkey ; dog
dog ; cat
cat ; parrot
parrot ; hyena
hyena ; lion
lion ; rhino
rhino ; koala
koala ; rabbit
rabbit ; donkey
donkey ; octopus
octopus ; shark
shark ; dolphin
dolphin ; fish
elephant ; zebra
zebra ; guepard
guepard ; leopard
leopard ; tiger
tiger ; monkey
monkey ; donkey
donkey ; parrot
parrot ; dog
dog ; cat
cat ; lion
lion ; shark
shark ; whale
whale ; giraffe
giraffe ; sheep
sheep ; cow
cow ; goat
lion ; dog
dog ; cat
cat ; parrot
parrot ; tiger
tiger ; fish
fish ; guineapig
guineapig ; pig
pig ; sheep
sheep ; horse
horse ; crocodile
crocodile ; snake
snake ; panther
panther ; rabbit
rabbit ; fox
fox ; shark
shark ; dolphin
dolphin ; owl
owl ; chicken
chicken ; monkey
cheetah ; cat
cat ; dog
dog ; lion
lion ; jaguar
jaguar ; whale
whale ; shark
shark ; dolphin
dolphin ; rabbit
rabbit ; eagle
eagle ; rat
rat ; mouse
mouse ; lizard
lizard ; camel
camel ; reindeer
reindeer ; deer
deer ; ladybug
ladybug ; mosquito
mosquito ; fly
furry ; dog
dog ; cat
cat ; bird
bird ; crocodile
crocodile ; komododragon
komododragon ; bat
bat ; fish
fish ; shark
shark ; eagle
eagle ; fox
fox ; snail
snail ; grasshopper
grasshopper ; elephant
elephant ; lion
lion ; gorilla
gorilla ; monkey
monkey ; tiger
tiger ; snake
mouse ; zebra
zebra ; jungle
jungle ; lion
lion ; tree
tree ; river
river ; giraffe
giraffe ; bird
cow ; bee
bee ; bat
bat ; fly
fly ; snake
snake ; monkey
monkey ; rat
rat ; whisker
whisker ; bear
bear ; fox
lion ; tiger
tiger ; panther
panther ; dog
dog ; cat
cat ; pig
pig ; cow
cow ; bull
bull ; sheep
sheep ; sea
sea ; bird
bird ; mosquito
mosquito ; fly
fly ; ant
ant ; dinosaur
dinosaur ; rat
rat ; mouse
mouse ; cockroach
cockroach ; bee
bee ; habitat
habitat ; reproduction
reproduction ; goatjoselumato
goatjoselumato ; rabbit
lion ; snake
snake ; crocodile
crocodile ; tiger
tiger ; sheep
sheep ; giraffe
giraffe ; horse
horse ; dog
dog ; cat
cat ; rabbit
rabbit ; elephant
elephant ; hippo
elephant ; cat
cat ; dog
dog ; rabbit
rabbit ; bird
bird ; leopard
leopard ; lion
lion ; mule
mule ; horse
horse ; shark
shark ; fish
fish ; giraffe
giraffe ; zebra
lion ; leopard
leopard ; spider
spider ; cat
cat ; dog
dog ; bird
bird ; eagle
eagle ; lizard
lizard ; cheetah
cheetah ; lynx
lynx ; dolphin
dolphin ; shark
shark ; camel
camel ; mouse
mouse ; horse
horse ; monkey
monkey ; gorilla
gorilla ; parrot
parrot ; squirrel
squirrel ; rat
dog ; cat
cat ; bird
bird ; wolf
wolf ; flamingo
flamingo ; jaguar
jaguar ; lion
lion ; fox
fox ; leopard
leopard ; fish
fish ; bear
bear ; snake
snake ; otter
otter ; platypus
elephant ; lion
lion ; turtle
turtle ; cat
cat ; dog
dog ; zebra
zebra ; rabbit
rabbit ; mouse
dog ; cat
cat ; elephant
elephant ; rabbit
rabbit ; giraffe
giraffe ; crocodile
crocodile ; mouse
elephant ; snake
snake ; cat
cat ; dog
dog ; monkey
monkey ; giraffe
giraffe ; horse
horse ; pink
pink ; dolphin
cow ; cat
cat ; dog
dog ; rabbit
rabbit ; snake
snake ; fish
fish ; crocodile
crocodile ; bee
bee ; butterfly
butterfly ; horse
horse ; monkey
monkey ; hippo
lion ; spider
spider ; whale
whale ; snake
snake ; dog
dog ; cat
cat ; parrot
parrot ; bird
bird ; eagle
eagle ; frog
frog ; panther
panther ; tiger
elephant ; crocodile
crocodile ; lion
lion ; shark
shark ; bear
bear ; dog
dog ; cat
cat ; monkey
monkey ; whale
whale ; tiger
tiger ; snake
tiger ; lion
lion ; fish
fish ; chicken
chicken ; bird
bird ; cat
cat ; dog
rabbit ; elephant
elephant ; dog
dog ; cat
fox ; panther
panther ; whale
whale ; dolphin
dolphin ; dog
dog ; cat
lion ; elephant
elephant ; turtle
turtle ; fish
fish ; bird
bird ; dog
dog ; cat
cat ; giraffe
memoria ; humor
dog ; cat
cat ; elephant
elephant ; spider
spider ; giraffe
giraffe ; lion
plant ; natural
natural ; dog
dog ; pet
pet ; elephant
elephant ; fish
fish ; cat
cat ; pig
pig ; horse
horse ; whale
whale ; giraffe
giraffe ; bird
dog ; cat
cat ; penguin
penguin ; turtle
turtle ; fish
fish ; bird
bird ; shark
shark ; dolphin
dolphin ; pony
pony ; donkey
donkey ; monkey
monkey ; gorilla
gorilla ; crocodile
crocodile ; pig
pig ; snake
snake ; horse
horse ; whale
whale ; parrot
pink ; dog
dog ; elephant
elephant ; horse
horse ; cat
cat ; giraffe
giraffe ; fish
cat ; dog
dog ; rabbit
rabbit ; horse
horse ; bat
bat ; elephant
elephant ; coat
coat ; bird
bird ; bear
bear ; shark
shark ; whale
whale ; monkey
monkey ; mouse
mouse ; rat
rat ; bug
bug ; snail
snail ; snake
snake ; eagle
eagle ; fish
fish ; butterfly
butterfly ; sheep
sheep ; pony
pony ; crab
cow ; lion
lion ; turtle
turtle ; snake
snake ; lizard
lizard ; leopard
leopard ; shark
shark ; giraffe
giraffe ; goat
goat ; rat
rat ; mouse
mouse ; fish
fish ; dog
dog ; pig
pig ; cat
cat ; bird
dog ; rabbit
rabbit ; cat
crow ; fox
fox ; cat
cat ; dog
dog ; snake
snake ; monkey
monkey ; crocodile
crocodile ; fish
fish ; bird
giraffe ; dog
dog ; cat
cat ; crocodile
crocodile ; elephant
elephant ; kitten
kitten ; monkey
monkey ; puppy
puppy ; snake
snake ; tiger
tiger ; lion
lion ; bird
elephant ; lion
lion ; snake
snake ; bear
bear ; pig
pig ; sheep
sheep ; dog
dog ; cat
cat ; bird
bird ; hamster
hamster ; crocodile
crocodile ; fish
fish ; shark
lion ; cat
cat ; crocodile
crocodile ; predator
predator ; prey
prey ; monkey
monkey ; carnivore
carnivore ; hervibore
hervibore ; omnivore
omnivore ; fish
fish ; tiger
tiger ; dog
dog ; panther
panther ; snake
snake ; chameleon
chameleon ; fly
fly ; mosquito
mosquito ; lizard
lizard ; komododragon
komododragon ; mouse
mouse ; rat
rat ; chicken
chicken ; human
human ; egg
egg ; animal
dog ; cat
cat ; elephant
elephant ; monkey
monkey ; turkey
turkey ; horse
horse ; snake
snake ; cow
cow ; fish
fish ; jellyfish
jellyfish ; shark
shark ; dolphin
dolphin ; kangaroo
kangaroo ; fly
fly ; mosquito
mosquito ; cheetah
dog ; cat
cat ; crocodile
crocodile ; tiger
tiger ; lion
lion ; cow
cow ; sheep
sheep ; pig
pig ; mouse
mouse ; bird
bird ; spider
lion ; snake
snake ; elephant
elephant ; jaguar
jaguar ; bird
bird ; cat
cat ; goat
goat ; alpaca
bird ; snake
snake ; dog
dog ; cat
cat ; fish
fish ; cow
cow ; bee
bee ; beetle
beetle ; tiger
tiger ; lion
lion ; horse
horse ; mosquito
mosquito ; dragon
dragon ; chicken
chicken ; donkey
elephant ; giraffe
giraffe ; snake
snake ; monkey
monkey ; lion
lion ; tiger
cat ; dog
dog ; elephant
dog ; cat
cat ; elephant
elephant ; chicken
chicken ; spider
spider ; snake
dog ; snake
snake ; lion
lion ; tiger
tiger ; fish
fish ; water
water ; monkey
monkey ; mountain
mountain ; shark
pink ; cow
cow ; horse
horse ; goat
goat ; rabbit
rabbit ; bull
bull ; bird
bird ; cat
cat ; dog
dog ; fox
fox ; zebra
zebra ; lion
lion ; tiger
tiger ; giraffe
giraffe ; elephant
giraffe ; zebra
zebra ; lion
lion ; zoo
zoo ; lizard
lizard ; tiger
tiger ; cheetah
cheetah ; fur
fur ; wild
wild ; dangerous
dangerous ; cat
cat ; dog
dog ; mouse
mouse ; farm
farm ; domestic
domestic ; cow
cow ; bull
bull ; rabbit
rabbit ; frog
frog ; fish
fish ; habitat
lion ; zebra
zebra ; stripe
stripe ; hunter
hunter ; monkey
monkey ; spot
spot ; horn
horn ; dog
dog ; tiger
tiger ; claw
claw ; feather
feather ; whisker
whisker ; tail
tail ; peak
peak ; savannah
savannah ; jungle
jungle ; bear
bear ; pat
tiger ; frog
frog ; dog
dog ; cat
cat ; crocodile
crocodile ; monkey
monkey ; chimpanzee
chimpanzee ; bird
bird ; parrot
parrot ; lion
lion ; capybara
capybara ; tail
tail ; whisker
whisker ; peak
peak ; eye
eye ; feather
feather ; jungle
jungle ; desert
desert ; mammal
mammal ; predator
predator ; cliff
cliff ; bear
cat ; rat
rat ; dog
dog ; snake
snake ; giraffe
giraffe ; pandabear
lion ; dog
dog ; cat
cat ; fish
fish ; snake
snake ; tiger
tiger ; panther
panther ; fly
fly ; mouse
mouse ; chicken
ant ; tiger
tiger ; lion
lion ; snake
snake ; turtle
turtle ; cat
cat ; dog
dog ; cow
cow ; shark
cat ; dog
dog ; fish
fish ; cow
cow ; horse
horse ; shark
shark ; bull
bull ; pig
pig ; snake
snake ; wolf
wolf ; bear
bear ; tiger
tiger ; rabbit
rabbit ; frog
frog ; goat
goat ; sheep
sheep ; giraffe
giraffe ; lion
lion ; zebra
zebra ; kangaroo
kangaroo ; rhino
cow ; lion
lion ; tiger
tiger ; snake
snake ; bird
bird ; horse
horse ; shark
shark ; fish
fish ; bear
bear ; crocodile
crocodile ; spider
tiger ; frog
frog ; lion
lion ; zebra
zebra ; panther
panther ; wing
wing ; caw
caw ; spider
spider ; wolf
wolf ; sheep
sheep ; pig
pig ; elephant
elephant ; giraffe
giraffe ; claw
claw ; beetle
beetle ; butterfly
butterfly ; tail
dog ; environment
environment ; fish
fish ; frog
frog ; mammal
mammal ; cat
cat ; mouse
mouse ; mouse
mouse ; sheep
sheep ; ocean
ocean ; sea
sea ; hamster
hamster ; bird
bird ; whale
whale ; snake
snake ; tiger
tiger ; lion
cat ; dog
dog ; snake
snake ; pig
pig ; fish
fish ; fox
fox ; horse
horse ; rabbit
dog ; cat
cat ; bird
bird ; fish
fish ; rabbit
rabbit ; snake
snake ; pig
pig ; cow
cow ; sheep
sheep ; goat
goat ; crocodile
crocodile ; insect
insect ; rhino
rhino ; elephant
elephant ; bear
bear ; lion
lion ; pig
elephant ; dog
dog ; cat
cat ; giraffe
giraffe ; monkey
monkey ; rat
rat ; turkey
turkey ; horse
horse ; jellyfish
jellyfish ; snake
snake ; cow
cow ; fish
fish ; shark
shark ; dolphin
dolphin ; kangaroo
kangaroo ; fly
fly ; mosquito
frog ; shark
shark ; elephant
elephant ; tiger
tiger ; dolphin
dolphin ; dog
dog ; cat
cat ; dog
dog ; crocodile
crocodile ; butterfly
snake ; lion
lion ; tiger
tiger ; giraffe
giraffe ; ape
ape ; elephant
elephant ; fly
fly ; mosquito
mosquito ; cat
cat ; dog
dog ; zebra
zebra ; chicken
chicken ; sheep
sheep ; goat
goat ; horse
zebra ; cat
cat ; dog
dog ; giraffe
giraffe ; elephant
elephant ; mouse
mouse ; lion
lion ; tiger
tiger ; snake
snake ; fish
fish ; goat
goat ; sheep
sheep ; horse
horse ; chicken
chicken ; hen
hen ; rabbit
dog ; cat
cat ; lizard
lizard ; horse
horse ; rabbit
rabbit ; pig
pig ; wolf
wolf ; cow
cow ; chicken
chicken ; goat
goat ; snake
snake ; bird
bird ; lion
lion ; fly
fly ; monkey
lion ; fox
fox ; elephant
elephant ; snake
snake ; spider
spider ; bird
bird ; buffalo
buffalo ; tiger
tiger ; whale
fear ; lion
lion ; tiger
tiger ; dolphin
dolphin ; bird
bird ; snake
snake ; cat
cat ; dog
dog ; caw
horse ; pick
pick ; sheep
sheep ; lion
lion ; tiger
tiger ; alet
alet ; fish
fish ; rabbit
rabbit ; elephant
elephant ; giraffe
giraffe ; shark
dog ; cat
cat ; pet
pet ; chicken
chicken ; fox
fox ; tail
tail ; peak
peak ; frog
frog ; tiger
tiger ; lion
lion ; cow
cow ; whisker
whisker ; eye
eye ; feather
feather ; monkey
monkey ; crocodile
crocodile ; bird
bird ; jungle
jungle ; desert
desert ; lizard
dog ; cat
cat ; cow
cow ; bear
bear ; snake
snake ; lion
lion ; tiger
tiger ; sheep
sheep ; horse
horse ; donkey
donkey ; bird
bird ; parrot
parrot ; rat
rat ; monkey
cow ; stripe
stripe ; chicken
chicken ; peak
peak ; kitten
kitten ; whisker
whisker ; snake
snake ; bat
bat ; bird
bird ; fur
fur ; dog
dog ; cat
cat ; wildanimal
wildanimal ; giraffe
giraffe ; elephant
elephant ; herd
herd ; calf
dog ; cat
cat ; rabbit
rabbit ; lion
lion ; fish
fish ; fox
fox ; sheep
sheep ; wolf
wolf ; horse
horse ; giraffe
giraffe ; grab
dog ; cat
cat ; bird
bird ; lion
lion ; lizard
lizard ; fly
fly ; snake
snake ; pig
pig ; monkey
monkey ; spider
spider ; chicken
chicken ; ladybug
ladybug ; crocodile
bird ; goat
goat ; dog
dog ; cat
cat ; fox
fox ; fish
fish ; elephant
elephant ; tiger
tiger ; horse
horse ; pig
horse ; cat
cat ; dog
dog ; leopard
leopard ; guepard
guepard ; elephant
elephant ; cow
cow ; mouse
mouse ; miss
miss ; rat
rat ; giraffe
giraffe ; snake
snake ; frog
frog ; spider
spider ; mosquito
mosquito ; tiger
tiger ; lion
lion ; turtle
turtle ; bird
bird ; butterfly
tiger ; lion
lion ; snake
snake ; spider
spider ; shark
shark ; crow
crow ; bird
bird ; bat
bat ; hippo
hippo ; elephant
elephant ; horse
horse ; fish
dog ; cat
cat ; peak
peak ; horn
horn ; feather
feather ; fur
fur ; elephant
elephant ; leopard
leopard ; crocodile
crocodile ; frog
frog ; snake
snake ; spider
spider ; fish
fish ; shark
shark ; dolphin
dolphin ; whale
whale ; fly
giraffe ; cow
cow ; bull
bull ; dog
dog ; cat
cat ; elephant
elephant ; tiger
tiger ; lion
lion ; snake
snake ; dragon
dragon ; unicorn
unicorn ; bird
bird ; spider
spider ; goat
goat ; sheep
sheep ; horse
horse ; raven
rabbit ; cat
cat ; dog
dog ; cow
cow ; elephant
elephant ; giraffe
giraffe ; lion
elephant ; fox
fox ; wolf
wolf ; rhino
rhino ; sheep
sheep ; goat
goat ; horse
horse ; cat
cat ; dog
dog ; crocodile
crocodile ; mouse
lion ; tiger
tiger ; tail
tail ; whale
whale ; giraffe
giraffe ; hand
hand ; head
head ; pick
pick ; koala
koala ; monkey
monkey ; turtle
cat ; dog
dog ; wolf
wolf ; butterfly
butterfly ; turtle
turtle ; fish
fish ; snake
snake ; bird
bird ; lion
lion ; panther
panther ; whale
whale ; monkey
monkey ; tiger
tiger ; fox
pet ; sea
sea ; forest
forest ; fish
fish ; mountain
mountain ; river
river ; cat
cat ; dog
dog ; crow
crow ; bird
cat ; rabbit
rabbit ; elephant
elephant ; dog
dog ; cat
cat ; lion
lion ; giraffe
giraffe ; corzo
corzo ; pig
lion ; dog
dog ; cat
cat ; frog
frog ; pig
pig ; snake
snake ; zebra
zebra ; wolf
wolf ; fox
fox ; crocodile
crocodile ; giraffe
giraffe ; rat
rat ; bettle
bettle ; butterfly
butterfly ; dragon
dragon ; u
dog ; cat
cat ; elephant
elephant ; giraffe
giraffe ; snake
snake ; peak
peak ; tail
tail ; monkey
monkey ; bear
bear ; bear
bear ; bird
cow ; farm
farm ; frog
frog ; whisker
whisker ; paw
paw ; vet
rabbit ; elephant
elephant ; lion
lion ; cat
cat ; butterfly
butterfly ; dog
dog ; giraffe
giraffe ; dolphin
turtle ; dog
dog ; cat
cat ; fish
fish ; fox
fox ; bird
bird ; giraffe
giraffe ; camel
camel ; frog
frog ; rat
rat ; hamster
hamster ; crocodile
crocodile ; s
snake ; spider
spider ; lion
lion ; tiger
tiger ; fish
fish ; shark
shark ; dolphin
dolphin ; mouse
mouse ; rat
rat ; bee
bee ; fly
fly ; cat
cat ; dog
dog ; hamster
hamster ; goat
goat ; sheep
sheep ; chicken
chicken ; cow
cow ; parrot
dog ; cat
cat ; elephant
elephant ; snake
snake ; tiger
tiger ; fish
fish ; fox
dog ; cat
cat ; mouse
mouse ; bird
bird ; goat
goat ; sheep
sheep ; horse
horse ; turtle
turtle ; parrot
parrot ; mosquito
mosquito ; bear
cat ; pig
pig ; cow
cow ; horse
horse ; whale
whale ; dog
dog ; monkey
monkey ; snake
snake ; spider
spider ; fish
fish ; shark
shark ; bird
bird ; mammal
mammal ; donkey
donkey ; rabbit
rabbit ; sheep
sheep ; chicken
cat ; dog
dog ; whisker
whisker ; giraffe
giraffe ; elephant
elephant ; crocodile
crocodile ; cow
dog ; cat
cat ; elephant
elephant ; rat
rat ; crocodile
crocodile ; turtle
turtle ; fish
fish ; snake
snake ; parrot
parrot ; bird
bird ; frog
frog ; giraffe
giraffe ; cow
dog ; cat
cat ; bat
bat ; giraffe
giraffe ; lion
lion ; crocodile
crocodile ; rat
rat ; lizard
lizard ; cow
cow ; tiger
tiger ; monkey
monkey ; rabbit
rabbit ; snake
crocodile ; lion
lion ; tiger
tiger ; giraffe
giraffe ; fish
fish ; cat
cat ; dog
dog ; cheetah
cheetah ; elephant
dog ; cat
cat ; monkey
monkey ; lion
lion ; elephant
elephant ; rabbit
rabbit ; snake
snake ; mouse
mouse ; frog
dog ; cat
cat ; crocodile
crocodile ; cow
cow ; giraffe
giraffe ; snake
snake ; horse
horse ; rabbit
tiger ; lion
lion ; cat
cat ; dog
dog ; crocodile
crocodile ; panther
panther ; leopard
leopard ; cheetah
cheetah ; pet
pet ; domesticanimal
domesticanimal ; wildlife
wildlife ; zoo
zoo ; elephant
elephant ; run
run ; monkey
monkey ; bird
bird ; snake
pet ; farm
farm ; farmer
farmer ; zoo
zoo ; tiger
tiger ; cheetah
cheetah ; elephant
elephant ; dog
dog ; cat
cat ; fish
fish ; spot
spot ; panther
panther ; shark
shark ; nature
nature ; turtle
turtle ; bee
bee ; honey
honey ; monkey
monkey ; gorilla
gorilla ; lion
lion ; horse
horse ; pony
pony ; colour
colour ; donkey
donkey ; leopard
leopard ; bug
bug ; dolphin
dolphin ; shark
hair ; feature
feature ; mammal
mammal ; paw
paw ; peak
peak ; lion
lion ; tiger
tiger ; pet
pet ; prey
prey ; hunter
hunter ; hunt
hunt ; snake
snake ; elephant
elephant ; dog
dog ; cat
cat ; zebra
zebra ; giraffe
giraffe ; bird
bird ; wing
wing ; dangerous
dangerous ; spider
spider ; wolf
wolf ; bat
tiger ; lion
lion ; elephant
elephant ; nature
nature ; food
food ; monkey
monkey ; cat
cat ; dog
dog ; dolphin
dolphin ; bear
bear ; prey
prey ; predator
life ; nature
nature ; dog
dog ; cat
cat ; crocodile
crocodile ; park
kangaroo ; hunt
hunt ; kill
kill ; dog
dog ; cat
cat ; mouse
mouse ; zebra
zebra ; tiger
tiger ; lion
lion ; beast
beast ; eat
eat ; cook
cook ; feather
feather ; sheep
sheep ; meat
meat ; beef
bear ; dog
dog ; cat
cat ; nature
nature ; fly
fly ; cow
cow ; sheep
sheep ; food
food ; chicken
chicken ; bird
bird ; mammal
mammal ; reptile
reptile ; bone
bone ; egg
egg ; human
human ; leopard
leopard ; spider
spider ; snake
snake ; poisonous
poisonous ; endangered
endangered ; frog
frog ; fish
fish ; toucan
toucan ; horse
horse ; beetle
beetle ; puppy
puppy ; pig
pig ; bat
bat ; swim
swim ; penguin
dog ; cat
cat ; horse
horse ; pig
pig ; cow
cow ; sheep
sheep ; leopard
leopard ; tiger
tiger ; giraffe
giraffe ; crocodile
crocodile ; elephant
elephant ; nature
nature ; donkey
donkey ; snake
snake ; spider
spider ; bird
bird ; fish
fish ; lion
lion ; rabbit
rabbit ; bear
dog ; cat
cat ; crocodile
crocodile ; hippo
hippo ; wild
wild ; wolf
wolf ; bee
bee ; wasp
wasp ; fur
fur ; wing
wing ; tiger
tiger ; lion
lion ; pet
pet ; bird
bird ; shark
shark ; fish
fish ; domestic
lion ; dog
dog ; cat
cat ; parrot
parrot ; bird
bird ; company
company ; tiger
tiger ; monkey
monkey ; forest
forest ; bear
bear ; mountain
dog ; cat
cat ; lion
lion ; panther
panther ; bird
bird ; dolphin
dolphin ; whale
whale ; giraffe
giraffe ; crow
crow ; worm
worm ; tiger
tiger ; buffalo
buffalo ; sheep
sheep ; hair
dog ; giraffe
giraffe ; elephant
elephant ; sea
sea ; environment
environment ; sky
sky ; cat
cat ; rabbit
rabbit ; mouse
mouse ; cow
cow ; sheep
sheep ; lion
lion ; dolphin
dolphin ; shark
shark ; tiger
tiger ; fish
fish ; whale
tiger ; frog
frog ; dolphin
dolphin ; nature
nature ; cat
cat ; dog
dog ; bird
bird ; lion
lion ; snake
snake ; whale
whale ; fish
fish ; crab
crab ; giraffe
giraffe ; hamster
hamster ; rabbit
deer ; beaver
beaver ; bear
bear ; monkey
monkey ; cat
cat ; dog
dog ; elephant
elephant ; tiger
tiger ; lion
lion ; snake
snake ; bird
bird ; leopard
leopard ; zebra
zebra ; happiness
big ; small
small ; colour
colour ; type
type ; tiger
tiger ; fish
fish ; shark
shark ; dog
dog ; puppy
puppy ; cat
cat ; bird
bird ; falcon
falcon ; fly
fly ; walk
walk ; meal
meal ; reptile
reptile ; water
water ; swim
swim ; colorful
colorful ; bear
bear ; beetle
beetle ; wave
wave ; monkey
dog ; cat
cat ; lion
lion ; tiger
tiger ; cheetah
cheetah ; bear
bear ; polarbear
polarbear ; bird
bird ; hamster
hamster ; fish
fish ; elephant
elephant ; giraffe
giraffe ; whale
whale ; dolphin
dolphin ; nature
nature ; tail
tail ; stripe
dog ; cat
cat ; pet
pet ; dolphin
dolphin ; lion
lion ; tiger
tiger ; elephant
elephant ; monkey
monkey ; food
food ; jungle
jungle ; feed
feed ; hunt
hunt ; company
company ; habitat
habitat ; mammal
mammal ; reptile
reptile ; bird
bird ; frog
frog ; egg
egg ; sea
sea ; reproduction
reproduction ; zoo
dog ; bull
bull ; nature
nature ; insect
insect ; bee
bee ; spider
spider ; squirrel
squirrel ; fish
fish ; tiger
tiger ; mammal
mammal ; monkey
monkey ; elephant
elephant ; trunk
trunk ; food
food ; lion
lion ; shark
shark ; bird
bird ; freedom
freedom ; jungle
jungle ; zebra
zebra ; giraffe
tiger ; dolphin
dolphin ; sea
sea ; turtle
turtle ; lake
lake ; sky
sky ; fly
fly ; dog
dog ; cat
cat ; fish
fish ; shark
shark ; pet
pet ; toucan
toucan ; serpent
serpent ; giraffe
giraffe ; egg
egg ; lion
lion ; zebra
dog ; cat
cat ; fish
fish ; snake
snake ; bear
bear ; polarbear
polarbear ; owl
owl ; turkey
dog ; cat
cat ; fish
fish ; shark
shark ; bird
bird ; bear
bear ; tiger
tiger ; elephant
elephant ; lion
lion ; rabbit
rabbit ; turtle
turtle ; hamster
hamster ; insect
insect ; snake
cow ; pig
pig ; cat
cat ; dog
dog ; elephant
elephant ; giraffe
giraffe ; snake
snake ; horse
horse ; fish
fish ; egg
egg ; milk
milk ; meat
meat ; crocodile
crocodile ; butterfly
butterfly ; carterpillar
lion ; tiger
tiger ; shark
shark ; dolphin
dolphin ; jellyfish
jellyfish ; cat
cat ; dog
dog ; snake
snake ; bird
bird ; starfish
starfish ; crocodile
dog ; cat
cat ; pig
pig ; zebra
zebra ; elephant
elephant ; crocodile
crocodile ; giraffe
giraffe ; bird
bird ; insect
insect ; rabbit
rabbit ; snake
snake ; dolphin
dolphin ; fish
fish ; horse
horse ; lion
lion ; tiger
rainforest ; zoo
zoo ; campsite
campsite ; pet
pet ; lion
lion ; zebra
zebra ; safari
safari ; hunt
hunt ; prey
prey ; mammal
mammal ; bird
bird ; cave
cave ; plant
plant ; fruit
fruit ; pet
pet ; lookfor
dolphin ; tiger
tiger ; lion
lion ; dog
dog ; cat
cat ; parrot
parrot ; hamster
hamster ; shark
shark ; bird
whale ; lion
lion ; tiger
tiger ; insect
insect ; bird
bird ; zebra
zebra ; giraffe
giraffe ; elephant
elephant ; skin
skin ; fish
fish ; hippo
hippo ; claw
claw ; fur
fur ; shark
shark ; dolphin
dolphin ; turtle
turtle ; monkey
monkey ; cow
cow ; sheep
cat ; dog
dog ; fish
fish ; fishing
fishing ; lion
lion ; tiger
tiger ; jellyfish
jellyfish ; hunt
hunt ; whale
whale ; bear
bear ; shark
shark ; bird
tiger ; elephant
elephant ; dinosaur
dinosaur ; cat
cat ; dog
dog ; frog
frog ; giraffe
giraffe ; zebra
zebra ; crocodile
crocodile ; parrot
parrot ; flamingo
flamingo ; horse
horse ; rabbit
rabbit ; ear
ear ; eye
eye ; fish
fish ; lion
horse ; bird
bird ; crocodile
crocodile ; snake
snake ; dog
dog ; cat
cat ; coat
coat ; pig
pig ; goat
goat ; rabbit
life ; dead
dead ; earth
earth ; instict
instict ; evolution
evolution ; food
duck ; dog
dog ; cat
cat ; fish
fish ; sheep
sheep ; habitat
habitat ; water
water ; cheetah
cheetah ; zebra
zebra ; bear
bear ; parrot
parrot ; snake
snake ; shark
shark ; hippo
hippo ; crocodile
crocodile ; elephant
elephant ; enormous
enormous ; fierce
fierce ; claw
pet ; zoo
zoo ; mammal
mammal ; evolution
evolution ; reptile
reptile ; bird
bird ; egg
egg ; ecosystem
dog ; cat
cat ; elephant
elephant ; bird
bird ; cow
cow ; insect
insect ; tiger
tiger ; lion
lion ; goat
goat ; panther
bird ; dog
dog ; cat
cat ; rabbit
rabbit ; fish
fish ; lion
lion ; tiger
tiger ; giraffe
giraffe ; elephant
elephant ; cheetah
cheetah ; monkey
monkey ; shark
shark ; mouse
mouse ; fur
fur ; whisker
whisker ; tail
tail ; zebra
zebra ; dolphin
cat ; dog
dog ; horse
horse ; cow
cow ; whale
whale ; wolf
wolf ; sheep
sheep ; lion
lion ; crocodile
crocodile ; cheetah
cheetah ; tiger
tiger ; parrot
parrot ; bear
bear ; shark
shark ; dolphin
dolphin ; fish
fish ; snake
snake ; monkey
monkey ; giraffe
giraffe ; hippo
hippo ; hamster
cat ; dog
dog ; lion
lion ; tiger
tiger ; elephant
elephant ; fish
fish ; shark
shark ; turtle
turtle ; zebra
zebra ; giraffe
giraffe ; crocodile
crocodile ; rhino
rhino ; bird
bird ; eagle
eagle ; dolphin
dolphin ; whale
whale ; ant
ant ; snake
snake ; spider
spider ; anaconda
anaconda ; scorpion
dog ; cat
cat ; cow
cow ; fox
fox ; wolf
wolf ; fish
fish ; pig
pig ; crocodile
crocodile ; sheep
sheep ; puppy
puppy ; parrot
parrot ; dangerous
dangerous ; deadly
deadly ; stripe
stripe ; fierce
fierce ; lion
lion ; snake
snake ; tiger
tiger ; hamster
frog ; cat
cat ; dog
dog ; elephant
elephant ; predator
predator ; prey
prey ; fox
fox ; fish
fish ; mammal
mammal ; shark
shark ; egg
egg ; food
food ; hippo
hippo ; octopus
octopus ; ant
ant ; stripe
stripe ; zebra
zebra ; lion
lion ; tiger
tiger ; cheetah
cat ; dog
dog ; whale
whale ; penguin
penguin ; fox
fox ; snake
dog ; cat
cat ; fair
fair ; fox
fox ; crocodile
crocodile ; fish
fish ; snake
snake ; lion
lion ; parrot
parrot ; puppy
puppy ; snail
snail ; coil
coil ; stripe
stripe ; fierce
fierce ; tiger
tiger ; sheep
sheep ; hamster
cat ; dog
dog ; dolphin
dolphin ; kangaroo
kangaroo ; pet
pet ; monkey
monkey ; lion
lion ; tiger
tiger ; fish
fish ; shark
rabbit ; cat
cat ; dog
dog ; butterfly
butterfly ; octopus
octopus ; fish
fish ; bird
bird ; horse
horse ; fox
fox ; zebra
zebra ; giraffe
giraffe ; snake
snake ; lion
amphibious  ; dog
dog ; cat
cat ; spider
spider ; elephant
elephant ; snake
snake ; bee
cat ; dog
dog ; duck
duck ; bird
bird ; penguin
penguin ; elephant
elephant ; giraffe
giraffe ; fox
fox ; goat
goat ; sheep
sheep ; wolf
wolf ; kitten
kitten ; calf
calf ; cow
cow ; chicken
chicken ; rooster
dog ; cat
cat ; bee
bee ; sheep
sheep ; ostrich
ostrich ; fox
fox ; horse
horse ; nose
nose ; rabbit
rabbit ; bird
dog ; hedgehog
hedgehog ; cat
cat ; lion
lion ; pig
pig ; guineapig
guineapig ; hamster
hamster ; rabbit
rabbit ; tiger
tiger ; panther
panther ; sloth
sloth ; koala
koala ; horse
horse ; parrot
parrot ; pidgeon
pidgeon ; eagle
elephant ; cat
cat ; dog
dog ; giraffe
giraffe ; bird
bird ; crocodile
crocodile ; rat
rat ; spider
mouse ; hair
hair ; dog
dog ; cat
cat ; parrot
parrot ; pet
pet ; fish
fish ; snake
snake ; elephant
elephant ; mammal
dog ; cat
cat ; tiger
dog ; cat
cat ; horse
horse ; buffalo
buffalo ; donkey
donkey ; zebra
zebra ; goat
goat ; camel
camel ; sheep
sheep ; cow
cow ; lion
lion ; tiger
tiger ; elephant
elephant ; giraffe
giraffe ; crocodile
lion ; panther
panther ; fish
fish ; elephant
elephant ; tiger
tiger ; whale
whale ; dog
dog ; cat
cat ; crocodile
crocodile ; monkey
monkey ; koala
dog ; cat
cat ; wolf
wolf ; cow
cow ; fish
fish ; dolphin
dolphin ; food
food ; pet
pet ; domestic
domestic ; hamster
hamster ; rabbit
rabbit ; shark
dog ; cat
cat ; cheetah
cheetah ; tortoise
tortoise ; lion
lion ; tiger
tiger ; snail
snail ; pet
pet ; giraffe
giraffe ; wing
wing ; owl
tiger ; lion
lion ; dog
dog ; cat
cat ; cheetah
cheetah ; leopard
leopard ; goat
goat ; horse
horse ; fish
fish ; giraffe
giraffe ; elephant
elephant ; zebra
zebra ; ant
ant ; whale
whale ; dolphin
dolphin ; kangaroo
kangaroo ; koala
koala ; snake
snake ; spider
spider ; bird
bird ; eagle
eagle ; crocodile
crocodile ; bear
bear ; wolf
wolf ; fox
fox ; frog
frog ; cow
cow ; sheep
cow ; chicken
chicken ; elephant
elephant ; cat
cat ; dog
dog ; hippo
hippo ; lion
lion ; giraffe
giraffe ; prey
prey ; hunt
hunt ; predator
predator ; herbivorous
herbivorous ; fur
fur ; habitat
habitat ; herd
herd ; hamster
dog ; cat
cat ; dolphin
dolphin ; elephant
elephant ; snake
snake ; fly
fly ; crocodile
crocodile ; monkey
monkey ; giraffe
giraffe ; frog
frog ; rat
frog ; horse
horse ; fish
fish ; tail
tail ; wing
wing ; dog
dog ; cat
cat ; whisker
whisker ; spider
spider ; snake
snake ; predator
dog ; cat
cat ; zebra
zebra ; monkey
monkey ; frog
frog ; bee
bee ; bear
wolf ; elephant
elephant ; fox
fox ; predator
predator ; prey
prey ; crocodile
crocodile ; snake
snake ; rabbit
rabbit ; dog
dog ; cat
cat ; puppy
puppy ; hippo
hippo ; koala
dog ; cat
cat ; bear
bear ; wolf
wolf ; lion
lion ; tiger
tiger ; goat
goat ; giraffe
giraffe ; elephant
elephant ; zebra
zebra ; snake
snake ; mouse
mouse ; cow
cow ; shark
shark ; dolphin
dolphin ; frog
cat ; dog
dog ; hamster
hamster ; snake
snake ; lion
lion ; crocodile
crocodile ; zebra
zebra ; horse
horse ; cow
cow ; sheep
sheep ; bunny
bunny ; rabbit
rabbit ; kitten
kitten ; puppy
puppy ; bird
bird ; bug
bug ; fly
fly ; spider
spider ; fish
fish ; shark
shark ; jellyfish
jellyfish ; octopus
octopus ; elephant
elephant ; wolf
wolf ; fox
fox ; bee
lion ; giraffe
giraffe ; male
male ; pet
pet ; paw
paw ; dog
dog ; cat
cat ; turtle
turtle ; fish
fish ; whale
whale ; velociraptor
velociraptor ; meat
meat ; cow
cow ; pig
pig ; chicken
chicken ; fox
fox ; herd
herd ; bee
bee ; fly
crocodile ; giraffe
giraffe ; elephant
elephant ; wolf
wolf ; snake
snake ; hunt
hunt ; prey
prey ; predator
predator ; stripe
stripe ; male
male ; fierce
cow ; cat
cat ; dog
dog ; rabbit
rabbit ; lion
lion ; tiger
tiger ; snake
snake ; frog
frog ; spider
spider ; dolphin
dolphin ; shark
shark ; fish
fish ; deer
deer ; petshop
petshop ; unicorn
unicorn ; bird
bird ; horse
horse ; petfood
petfood ; giraffe
giraffe ; sheep
sheep ; elephant
elephant ; hamster
hamster ; bitch
bitch ; star
dog ; frog
frog ; cat
cat ; bird
bird ; pig
pig ; bee
monkey ; lion
lion ; tiger
tiger ; dog
dog ; cat
cat ; frog
frog ; bat
bat ; rabbit
rabbit ; snake
snake ; bee
bee ; elephant
elephant ; zebra
zebra ; giraffe
dog ; cat
cat ; dolphin
dolphin ; tiger
tiger ; shark
shark ; giraffe
giraffe ; bear
bear ; mammal
mammal ; elephant
dog ; cat
cat ; parrot
parrot ; lion
lion ; tiger
tiger ; zebra
zebra ; snake
snake ; horse
horse ; bee
bee ; goat
goat ; cheetah
cheetah ; elephant
elephant ; crocodile
crocodile ; mosquito
mosquito ; spider
spider ; fox
fox ; shark
shark ; dolphin
dolphin ; hamster
hamster ; giraffe
chicken ; sheep
sheep ; pig
pig ; donkey
donkey ; duck
duck ; rabbit
rabbit ; tiger
tiger ; cow
cow ; elephant
elephant ; zebra
zebra ; goat
goat ; snake
snake ; shark
shark ; whale
whale ; dog
dog ; cat
cat ; turtle
turtle ; scorpion
scorpion ; frog
frog ; fox
fox ; lion
dog ; cat
cat ; elephant
elephant ; giraffe
elephant ; tiger
tiger ; crocodile
crocodile ; rabbit
rabbit ; cat
cat ; dog
dog ; mouse
mouse ; lion
lion ; hippo
hippo ; kangaroo
kangaroo ; panther
panther ; cheetah
cheetah ; dragon
dragon ; snake
snake ; fish
fish ; turtle
lion ; sheep
sheep ; goat
goat ; elephant
elephant ; cheetah
cheetah ; insect
insect ; shark
shark ; fish
fish ; wolf
dog ; cat
cat ; lion
lion ; giraffe
giraffe ; monkey
dog ; cat
cat ; fox
fox ; duck
duck ; horse
horse ; elephant
elephant ; wolf
wolf ; rabbit
rabbit ; goat
goat ; shark
shark ; dolphin
dolphin ; fish
fish ; bird
bird ; tiger
tiger ; lion
dog ; cat
cat ; shark
shark ; crow
crow ; fish
fish ; tiger
tiger ; bird
dog ; horse
horse ; cat
cat ; giraffe
giraffe ; rabbit
rabbit ; camel
camel ; rat
rat ; mouse
mouse ; fish
fish ; bird
bird ; snake
snake ; bat
bat ; hippo
hippo ; lion
lion ; tiger
tiger ; snail
kangaroo ; owl
owl ; cat
cat ; dog
dog ; rabbit
rabbit ; spider
spider ; butterfly
butterfly ; horse
horse ; turtle
turtle ; hamster
hamster ; mouse
mouse ; hippo
hippo ; elephant
elephant ; giraffe
giraffe ; lion
lion ; tiger
dog ; cat
cat ; bird
bird ; horse
horse ; pig
pig ; cow
cow ; bee
bee ; butterfly
butterfly ; mouse
mouse ; scratch
scratch ; elephant
elephant ; jungle
jungle ; leopard
leopard ; lion
lion ; zebra
zebra ; hippo
dog ; cat
cat ; fish
fish ; lion
lion ; jaguar
jaguar ; hamster
hamster ; giraffe
giraffe ; bird
bird ; elephant
elephant ; dinosaur
dinosaur ; crab
crab ; sealion
sealion ; spider
spider ; snake
snake ; frog
dog ; cat
cat ; fox
fox ; fish
fish ; giraffe
giraffe ; lion
lion ; wolf
wolf ; parrot
parrot ; carp
carp ; butterfly
butterfly ; crocodile
crocodile ; insect
insect ; bird
bird ; zebra
rat ; dog
dog ; wolf
wolf ; cat
cat ; parrot
parrot ; snake
snake ; zebra
zebra ; lion
lion ; bird
bird ; hamster
hamster ; eagle
eagle ; crow
crow ; cheetah
cheetah ; leopard
leopard ; pig
pig ; cow
cow ; horse
horse ; donkey
donkey ; chicken
zebra ; giraffe
giraffe ; crocodile
crocodile ; snake
snake ; dog
dog ; cat
cat ; kangaroo
kangaroo ; horse
horse ; pig
pig ; donkey
dolphin ; turtle
turtle ; cat
cat ; dog
dog ; cow
cow ; tiger
tiger ; lion
lion ; giraffe
giraffe ; rabbit
rabbit ; hamster
hamster ; butterfly
butterfly ; spider
tiger ; lion
lion ; cat
cat ; dog
dog ; mouse
mouse ; dolphin
dolphin ; shark
shark ; jellyfish
jellyfish ; leopard
leopard ; fish
fish ; crocodile
crocodile ; elephant
rabbit ; cat
cat ; hamster
hamster ; turtle
turtle ; dog
dog ; pig
pig ; bat
bat ; chicken
chicken ; horse
horse ; donkey
donkey ; cow
cow ; bull
bull ; snake
snake ; parrot
parrot ; cheetah
cheetah ; fish
fish ; salmon
salmon ; crocodile
crocodile ; elephant
cat ; shark
shark ; dog
dog ; fish
fish ; fox
fox ; lion
lion ; bunny
bunny ; bird
bird ; elephant
horse ; dog
dog ; cat
cat ; mouse
mouse ; elephant
elephant ; giraffe
giraffe ; bear
bear ; crocodile
crocodile ; fish
fish ; zebra
zebra ; bird
bird ; fox
fox ; snake
snake ; fly
fly ; butterfly
dog ; cat
cat ; bull
bull ; cow
cow ; parrot
parrot ; bird
bird ; pidgeon
pidgeon ; lion
lion ; giraffe
giraffe ; lizard
lizard ; insect
insect ; bug
bug ; butterfly
butterfly ; cheetah
cheetah ; zebra
zebra ; monkey
monkey ; hippo
dog ; cow
cow ; horse
horse ; turtle
turtle ; elephant
elephant ; cat
cat ; squirrel
squirrel ; bird
bird ; bear
bear ; fish
fish ; giraffe
giraffe ; lion
lion ; tiger
tiger ; rabbit
rabbit ; sheep
sheep ; pig
pig ; goat
tiger ; lion
lion ; zebra
zebra ; parrot
parrot ; shark
shark ; octopus
octopus ; jellyfish
jellyfish ; dog
dog ; cat
cat ; dolphin
dolphin ; whale
whale ; hamster
hamster ; rhino
rhino ; bull
bull ; sealion
sealion ; snake
dog ; cat
cat ; bear
bear ; deer
deer ; mammal
mammal ; elephant
elephant ; cow
cow ; buffalo
buffalo ; chicken
chicken ; rat
rat ; bat
bat ; sheep
sheep ; zebra
zebra ; lion
lion ; tiger
tiger ; snake
dog ; cat
cat ; spider
spider ; snake
snake ; fish
fish ; turtle
turtle ; rhino
tiger ; elephant
elephant ; dog
dog ; cat
cat ; lion
lion ; butterfly
butterfly ; fish
fish ; shark
shark ; turtle
turtle ; bee
bee ; leopard
leopard ; giraffe
spider ; bat
bat ; fear
fear ; elephant
elephant ; awesome
awesome ; wild
wild ; poisonous
poisonous ; giraffe
giraffe ; cat
cat ; dog
dog ; tail
tail ; snake
snake ; bird
bird ; whisker
whisker ; bear
bear ; small
small ; big
big ; cute
elephant ; tiger
tiger ; lion
lion ; whale
whale ; dolphin
dolphin ; bee
bee ; spider
spider ; butterfly
butterfly ; snake
snake ; monkey
monkey ; squirrel
squirrel ; turtle
turtle ; horse
horse ; bull
bull ; cow
cow ; pony
pony ; crocodile
crocodile ; dog
dog ; cat
cat ; fish
fish ; fly
dog ; fox
fox ; bird
bird ; cat
cat ; elephant
elephant ; snake
snake ; crocodile
crocodile ; rabbit
rabbit ; mouse
mouse ; horse
horse ; duck
duck ; pig
pig ; lion
lion ; tiger
lion ; tiger
tiger ; dog
dog ; cat
cat ; leopard
leopard ; zebra
zebra ; elephant
elephant ; giraffe
giraffe ; mouse
mouse ; snake
snake ; bird
bird ; monkey
monkey ; gorilla
gorilla ; bear
snake ; elephant
elephant ; bird
bird ; fish
fish ; shark
shark ; dog
dog ; cat
cat ; lion
lion ; tiger
tiger ; mouse
lion ; zebra
zebra ; monkey
monkey ; leopard
leopard ; bird
bird ; bear
bear ; elephant
elephant ; cheetah
cheetah ; crab
crab ; fish
dog ; cat
cat ; crocodile
crocodile ; giraffe
giraffe ; tiger
tiger ; lion
lion ; zebra
zebra ; monkey
monkey ; snake
snake ; elephant
elephant ; butterfly
butterfly ; rabbit
dog ; cat
cat ; elephant
elephant ; crocodile
crocodile ; giraffe
giraffe ; wolf
wolf ; bear
bear ; snake
